Workbook
Name AG2R_LA_Mondiale: [1]Renners!$E$1:$E$14
Name Astana_Pro_Team: [1]Renners!$F$1:$F$14
Name BMC_Racing_Team: [1]Renners!$G$1:$G$14
Name Bora_argon_18: [1]Renners!$R$1:$R$14
Name Bretagne_Seche_Environnement: [1]Renners!$S$1:$S$14
Name Cannondale_Garmin: [1]Renners!$H$1:$H$14
Name Cofidis_Solutions_Credits: [1]Renners!$T$1:$T$14
Name Etixx_Quick_Step: [1]Renners!$B$1:$B$14
Name FDJ: [1]Renners!$I$1:$I$14
Name Giant___Alpecin: [1]Renners!$D$1:$D$14
Name IAM_Cycling: [1]Renners!$J$1:$J$14
Name Lampre_Merida: [1]Renners!$K$1:$K$14
Name Lotto_Soudal: [1]Renners!$C$1:$C$14
Name LottoNL_Jumbo: [1]Renners!$A$1:$A$14
Name Movistar_Team: [1]Renners!$L$1:$L$14
Name MTN_Qhubeka: [1]Renners!$U$1:$U$14
Name Orica_GreenEDGE: [1]Renners!$M$1:$M$14
Name ploeg238: riders!#REF!
Name ploeg239: riders!#REF!
Name ploeg240: riders!#REF!
Name ploeg241: riders!#REF!
Name ploeg242: riders!#REF!
Name ploeg243: riders!#REF!
Name ploeg244: riders!#REF!
Name ploeg245: riders!#REF!
Name ploeg246: riders!#REF!
Name ploeg247: riders!#REF!
Name ploeg248: riders!#REF!
Name ploeg249: riders!#REF!
Name ploeg250: riders!#REF!
Name ploeg251: riders!#REF!
Name ploeg252: riders!#REF!
Name ploeg253: riders!#REF!
Name ploeg254: riders!#REF!
Name ploeg255: riders!#REF!
Name ploeg256: riders!#REF!
Name ploeg257: riders!#REF!
Name ploeg258: riders!#REF!
Name Team_Europcar: [1]Renners!$V$1:$V$14
Name Team_Katusha: [1]Renners!$N$1:$N$14
Name Team_Sky: [1]Renners!$O$1:$O$14
Name Tinkoff_Saxo: [1]Renners!$P$1:$P$14
Name Trek_Factory_Racing: [1]Renners!$Q$1:$Q$14

Sheet rules
A1: Rules:
A2: Choose 1 rider from each squad and score the most points through the below scorecards!
A3: That makes 23 total riders to fill in for the 'form' sheet (don't forger reserve riders)
A4: Also fill in your best Dutchies for bonus points
A6: In the sheet 'Riders' you can find an overview of all teams and (provisional) riders, as of yet announced.
A7: It is unclear if these riders will subsequently start
A8: Therefore there is an option to submit reserve riders, that will take the first selected rider's place if he does not start in the first stage.
A9: If the reserve rider also does not start you are out of luck
A12: Points to be gained:
A13: per stage: | E13: After each stage (except final stage): | H13: Final rankings in Paris:
A15: placement | B15: points | F15: points | H15: placement | I15: yellow | J15: green | K15: KOM
A16: 1st | B16: 25 | E16: yellow jersey after stage | F16: 7 | H16: 1st | I16: 220 | J16: 100 | K16: 100
A17: 2nd | B17: 19 | E17: green jersey after stage | F17: 3 | H17: 2nd | I17: 160 | J17: 50 | K17: 50
A18: 3rd | B18: 14 | E18: KOM jersey after stage | F18: 3 | H18: 3rd | I18: 115 | J18: 20 | K18: 20
A19: 4th | B19: 10 | H19: 4th | I19: 85 | J19: 10 | K19: 10
A20: 5th | B20: 7 | E20: The one on top of the classifications counts here | H20: 5th | I20: 65 | J20: 5 | K20: 5
A21: 6th | B21: 5 | E21: Not the one actually wearing the jersey | H21: 6th | I21: 50
A22: 7th | B22: 4 | H22: 7th | I22: 40
A23: 8th | B23: 3 | H23: 8th | I23: 30
A24: 9th | B24: 2 | H24: 9th | I24: 20
A25: 10th | B25: 1 | H25: 10th | I25: 10
H26: 11nt | I26: 7
A27: Best Dutchie in final classifications: | H27: 12th | I27: 5
A28: Yellow | B28: 25 | H28: 13th | I28: 3
A29: Green | B29: 13 | H29: 14th | I29: 2
A30: KOM | B30: 13 | H30: 15th | I30: 1
A31: White | B31: 13
A33: For the unlikely case of 2 teams ending up tied, please answer the tie breaker question
A34: What is the time gap of the last rider in the general classification after the last stage?

Sheet riders
A1: UAE Team Emirates - XRG | B1: Team Visma | Lease a Bike | C1: Soudal Quick-Step | D1: EF Education - EasyPost | E1: Intermarché - Wanty | F1: Bahrain - Victorious | G1: INEOS Grenadiers | H1: Red Bull - BORA - hansgrohe | I1: Lidl - Trek | J1: Groupama - FDJ | K1: Alpecin - Deceuninck | L1: Tudor Pro Cycling Team | M1: Team Jayco AlUla | N1: Arkéa - B&B Hotels | O1: Movistar Team | P1: Decathlon AG2R La Mondiale Team | Q1: Cofidis | R1: XDS Astana Team | S1: Team TotalEnergies | T1: Team Picnic PostNL | U1: Israel - Premier Tech | V1: Lotto | W1: Uno-X Mobility
A2: POGAČAR Tadej | B2: VINGEGAARD Jonas | C2: EVENEPOEL Remco | D2: HEALY Ben | E2: GIRMAY Biniam | F2: BUITRAGO Santiago | G2: THOMAS Geraint | H2: ROGLIČ Primož | I2: MILAN Jonathan | J2: MARTIN Guillaume | K2: PHILIPSEN Jasper | L2: ALAPHILIPPE Julian | M2: O'CONNOR Ben | N2: VAUQUELIN Kévin | O2: MAS Enric | P2: GALL Felix | Q2: BUCHMANN Emanuel | R2: TEJADA Harold | S2: CRAS Steff | T2: ONLEY Oscar | U2: WOODS Michael | V2: DE LIE Arnaud | W2: JOHANNESSEN Tobias Halland
A3: ALMEIDA João | B3: AFFINI Edoardo | C3: CATTANEO Mattia | D3: ALBANESE Vincenzo | E3: BARRÉ Louis | F3: BAUHAUS Phil | G3: ARENSMAN Thymen | H3: LIPOWITZ Florian | I3: CONSONNI Simone | J3: ASKEY Lewis | K3: DILLIER Silvan | L3: DAINESE Alberto | M3: DUNBAR Eddie | N3: CAPIOT Amaury | O3: BARTA Will | P3: ARMIRAIL Bruno | Q3: ARANBURU Alex | R3: BALLERINI Davide | S3: BURGAUDEAU Mathieu | T3: BARGUIL Warren | U3: ACKERMANN Pascal | V3: BERCKMOES Jenno | W3: ABRAHAMSEN Jonas
A4: NARVÁEZ Jhonatan | B4: BENOOT Tiesj | C4: EENKHOORN Pascal | D4: ASGREEN Kasper | E4: BRAET Vito | F4: GRADEK Kamil | G4: FOSS Tobias | H4: MEEUS Jordi | I4: NYS Thibau | J4: BARTHE Cyril | K4: GROVES Kaden | L4: HALLER Marco | M4: DURBRIDGE Luke | N4: COSTIOU Ewen | O4: CASTRILLO Pablo | P4: BERTHET Clément | Q4: COQUARD Bryan | R4: BOL Cees | S4: DELETTRE Alexandre | T4: BITTNER Pavel | U4: BLACKMORE Joseph | V4: DE BUYST Jasper | W4: CORT Magnus
A5: POLITT Nils | B5: CAMPENAERTS Victor | C5: MERLIER Tim | D5: BAUDIN Alex | E5: PAGE Hugo | F5: HAIG Jack | G5: GANNA Filippo | H5: MOSCON Gianni | I5: SIMMONS Quinn | J5: GRÉGOIRE Romain | K5: MEURISSE Xandro | L5: HIRSCHI Marc | M5: GROENEWEGEN Dylan | N5: DÉMARE Arnaud | O5: OLIVEIRA Nelson | P5: BISSEGGER Stefan | Q5: IZAGIRRE Ion | R5: CHAMPOUSSIN Clément | S5: GACHIGNARD Thomas | T5: FLYNN Sean | U5: BOIVIN Guillaume | V5: DRIZNERS Jarrad | W5: FREDHEIM Stian
A6: SIVAKOV Pavel | B6: JORGENSON Matteo | C6: PARET-PEINTRE Valentin | D6: POWLESS Neilson | E6: REX Laurenz | F6: MARTINEZ Lenny | G6: LAURANCE Axel | H6: PITHIE Laurence | I6: SKJELMOSE Mattias | J6: MADOUAS Valentin | K6: RICKAERT Jonas | L6: LIENHARD Fabian | M6: MEZGEC Luka | N6: GARCÍA PIERNA Raúl | O6: GARCÍA CORTINA Iván | P6: NAESEN Oliver | Q6: RENARD Alexis | R6: FEDOROV Yevgeniy | S6: JEANNIÈRE Emilien | T6: ANDRESEN Tobias Lund | U6: LOUVEL Matis | V6: GRIGNARD Sébastien | W6: HOELGAARD Markus
A7: SOLER Marc | B7: KUSS Sepp | C7: SCHACHMANN Maximilian | D7: SWEENY Harry | E7: RUTSCH Jonas | F7: MOHORIČ Matej | G7: RODRÍGUEZ Carlos | H7: VAN DIJKE Mick | I7: SKUJIŅŠ Toms | J7: PACHER Quentin | K7: VAN DER POEL Mathieu | L7: MAYRHOFER Marius | M7: PLAPP Luke | N7: LE BERRE Mathis | O7: MÜHLBERGER Gregor | P7: PARET-PEINTRE Aurélien | Q7: TEUNS Dylan | R7: HIGUITA Sergio | S7: JEGAT Jordan | T7: MÄRKL Niklas | U7: LUTSENKO Alexey | V7: SEPÚLVEDA Eduardo | W7: JOHANNESSEN Anders Halland
A8: WELLENS Tim | B8: VAN AERT Wout | C8: VAN LERBERGHE Bert | D8: VALGREN Michael | E8: VAN SINTMAARTENSDIJK Roel | F8: STANNARD Robert | G8: SWIFT Connor | H8: VAN POPPEL Danny | I8: STUYVEN Jasper | J8: PENHOËT Paul | K8: VERMEERSCH Gianni | L8: STORER Michael | M8: REINDERS Elmar | N8: RODRÍGUEZ Cristián | O8: ROMEO Iván | P8: SCOTSON Callum | Q8: THOMAS Benjamin | R8: TEUNISSEN Mike | S8: TURGIS Anthony | T8: NABERMAN Tim | U8: NEILANDS Krists | V8: VAN EETVELT Lennert | W8: LEKNESSUND Andreas
A9: YATES Adam | B9: YATES Simon | C9: VAN WILDER Ilan | D9: VAN DEN BERG Marijn | E9: ZIMMERMANN Georg | F9: WRIGHT Fred | G9: WATSON Samuel | H9: VLASOV Aleksandr | I9: THEUNS Edward | J9: RUSSO Clément | K9: VERSTRYNGE Emiel | L9: TRENTIN Matteo | M9: SCHMID Mauro | N9: VENTURINI Clément | O9: RUBIO Einer | P9: TRONCHON Bastien | Q9: TOUZÉ Damien | R9: VELASCO Simone | S9: VERCHER Mattéo | T9: VAN DEN BROEK Frank | U9: STEWART Jake | V9: VAN MOER Brent | W9: WÆRENSKJOLD Søren

Sheet point distribution
A1: Naam renner | B1: 1 | C1: 2 | D1: 3 | E1: 4 | F1: 5 | G1: 6 | H1: 7 | I1: 8 | J1: 9 | K1: 10 | L1: 11 | M1: 12 | N1: 13 | O1: 14 | P1: 15 | Q1: 16 | R1: 17 | S1: 18 | T1: 19 | U1: 20 | V1: 21 | W1: final classifications | X1: Total
A2: POGAČAR Tadej | B2: 0 | C2: 22 | D2: 0 | E2: 28 | F2: 29 | G2: 2 | H2: 35 | I2: 7 | J2: 7 | K2: 2 | L2: 0 | M2: 35 | N2: 35 | O2: 26 | P2: 7 | Q2: 17 | R2: 10 | S2: 29 | T2: 24 | U2: 10 | V2: 10 | W2: 280 | X2: =SUM(B2:W2) -> 615
A3: VINGEGAARD Jonas | B3: 0 | C3: 14 | D3: 0 | E3: 14 | F3: 0 | G3: 1 | H3: 19 | I3: 0 | J3: 0 | K3: 1 | L3: 0 | M3: 19 | N3: 19 | O3: 14 | P3: 0 | Q3: 5 | R3: 0 | S3: 14 | T3: 19 | U3: 0 | V3: 0 | W3: 170 | X3: =SUM(B3:W3) -> 309
A4: MILAN Jonathan | B4: 0 | C4: 0 | D4: 22 | E4: 3 | F4: 0 | G4: 3 | H4: 0 | I4: 28 | J4: 22 | K4: 3 | L4: 3 | M4: 3 | N4: 3 | O4: 3 | P4: 3 | Q4: 3 | R4: 28 | S4: 3 | T4: 3 | U4: 3 | V4: 0 | W4: 100 | X4: =SUM(B4:W4) -> 236
A5: LIPOWITZ Florian | B5: 0 | C5: 0 | D5: 0 | E5: 0 | F5: 5 | G5: 0 | H5: 0 | I5: 0 | J5: 0 | K5: 0 | L5: 0 | M5: 14 | N5: 10 | O5: 7 | P5: 0 | Q5: 1 | R5: 0 | S5: 0 | T5: 10 | U5: 0 | V5: 0 | W5: 115 | X5: =SUM(B5:W5) -> 162
A6: VAN AERT Wout | B6: 0 | C6: 0 | D6: 0 | E6: 0 | F6: 0 | G6: 0 | H6: 0 | I6: 19 | J6: 0 | K6: 0 | L6: 7 | M6: 0 | N6: 0 | O6: 0 | P6: 10 | Q6: 0 | R6: 0 | S6: 0 | T6: 0 | U6: 0 | V6: 25 | W6: 100 | X6: =SUM(B6:W6) -> 161
A7: ONLEY Oscar | B7: 0 | C7: 5 | D7: 0 | E7: 10 | F7: 0 | G7: 0 | H7: 14 | I7: 0 | J7: 0 | K7: 0 | L7: 0 | M7: 7 | N7: 4 | O7: 5 | P7: 0 | Q7: 0 | R7: 0 | S7: 10 | T7: 7 | U7: 0 | V7: 0 | W7: 85 | X7: =SUM(B7:W7) -> 147
A8: GALL Felix | B8: 0 | C8: 0 | D8: 0 | E8: 0 | F8: 0 | G8: 0 | H8: 10 | I8: 0 | J8: 0 | K8: 0 | L8: 0 | M8: 3 | N8: 1 | O8: 10 | P8: 0 | Q8: 0 | R8: 0 | S8: 5 | T8: 5 | U8: 0 | V8: 0 | W8: 65 | X8: =SUM(B8:W8) -> 99
A9: HEALY Ben | B9: 0 | C9: 0 | D9: 0 | E9: 0 | F9: 0 | G9: 25 | H9: 0 | I9: 0 | J9: 0 | K9: 21 | L9: 7 | M9: 0 | N9: 0 | O9: 4 | P9: 0 | Q9: 19 | R9: 0 | S9: 0 | T9: 3 | U9: 0 | V9: 0 | W9: 20 | X9: =SUM(B9:W9) -> 99
A10: VAN DER POEL Mathieu | B10: 0 | C10: 32 | D10: 7 | E10: 26 | F10: 0 | G10: 10 | H10: 0 | I10: 0 | J10: 0 | K10: 0 | L10: 14 | M10: 0 | N10: 0 | O10: 0 | P10: 0 | Q10: 0 | R10: 0 | S10: 0 | T10: 0 | U10: 0 | V10: 0 | W10: 0 | X10: =SUM(B10:W10) -> 89
A11: BALLERINI Davide | B11: 0 | C11: 0 | D11: 0 | E11: 0 | F11: 0 | G11: 0 | H11: 0 | I11: 0 | J11: 0 | K11: 0 | L11: 1 | M11: 0 | N11: 0 | O11: 0 | P11: 0 | Q11: 0 | R11: 7 | S11: 0 | T11: 0 | U11: 0 | V11: 19 | W11: 50 | X11: =SUM(B11:W11) -> 77
A12: ARENSMAN Thymen | B12: 0 | C12: 0 | D12: 0 | E12: 0 | F12: 0 | G12: 0 | H12: 0 | I12: 0 | J12: 0 | K12: 19 | L12: 0 | M12: 0 | N12: 0 | O12: 25 | P12: 0 | Q12: 0 | R12: 0 | S12: 0 | T12: 25 | U12: 0 | V12: 0 | W12: 5 | X12: =SUM(B12:W12) -> 74
A13: JOHANNESSEN Tobias Halland | B13: 0 | C13: 0 | D13: 0 | E13: 0 | F13: 0 | G13: 0 | H13: 1 | I13: 0 | J13: 0 | K13: 0 | L13: 0 | M13: 10 | N13: 0 | O13: 2 | P13: 0 | Q13: 0 | R13: 0 | S13: 2 | T13: 4 | U13: 0 | V13: 0 | W13: 50 | X13: =SUM(B13:W13) -> 69
... A197: Évita Muzic | B197: 0 | C197: 0 | D197: 0 | E197: 0 | F197: 0 | G197: 0 | H197: 0 | I197: 0 | J197: 0 | K197: 0 | L197: 0 | M197: 0 | N197: 0 | O197: 0 | P197: 0 | Q197: 0 | R197: 0 | S197: 0 | T197: 0 | U197: 0 | V197: 0 | W197: 0 | X197: =SUM(B197:W197) -> 0
A198: Total | B198: =SUM(B2:B197) -> 103 | C198: =SUM(C2:C197) -> 103 | D198: =SUM(D2:D197) -> 103 | E198: =SUM(E2:E197) -> 103 | F198: =SUM(F2:F197) -> 103 | G198: =SUM(G2:G197) -> 103 | H198: =SUM(H2:H197) -> 103 | I198: =SUM(I2:I197) -> 103 | ... W198: =SUM(W2:W197) -> 1183

Sheet participants
A1: name | B1: total points
A2: Player A | B2: ='Player A'!D34 -> 1835
A3: Player B | B3: ='Player B'!D34 -> 1740

Sheet standings
I1: Want to keep track?
A2: Rank | B2: Name | C2: Sum of total points | I2: Copy the point distribution from the python output
A3: 1 | B3: Player A | C3: 1835 | I3: Then refresh the pivot table here
A4: 2 | B4: Player B | C4: 1740

Sheet Player B
B1: name: | C1: Player B
B3: Rider | C3: Team | D3: Points | G3: Reserve-rider | H3: Team
A4: 1 | B4: POGAČAR Tadej | C4: UAE Team Emirates - XRG | D4: =VLOOKUP(B4,'point distribution'!$A$1:$Z$197,24,0) -> 615 | H4: UAE Team Emirates - XRG
A5: 2 | B5: VINGEGAARD Jonas | C5: Team Visma | Lease a Bike | D5: =VLOOKUP(B5,'point distribution'!$A$1:$Z$197,24,0) -> 309 | H5: Team Visma | Lease a Bike
A6: 3 | B6: EVENEPOEL Remco | C6: Soudal Quick-Step | D6: =VLOOKUP(B6,'point distribution'!$A$1:$Z$197,24,0) -> 41 | H6: Soudal Quick-Step
A7: 4 | B7: ALBANESE Vincenzo | C7: EF Education - EasyPost | D7: =VLOOKUP(B7,'point distribution'!$A$1:$Z$197,24,0) -> 2 | H7: EF Education - EasyPost
A8: 5 | B8: GIRMAY Biniam | C8: Intermarché - Wanty | D8: =VLOOKUP(B8,'point distribution'!$A$1:$Z$197,24,0) -> 49 | H8: Intermarché - Wanty
A9: 6 | B9: BUITRAGO Santiago | C9: Bahrain - Victorious | D9: =VLOOKUP(B9,'point distribution'!$A$1:$Z$197,24,0) -> 14 | H9: Bahrain - Victorious
A10: 7 | B10: RODRÍGUEZ Carlos | C10: INEOS Grenadiers | D10: =VLOOKUP(B10,'point distribution'!$A$1:$Z$197,24,0) -> 0 | H10: INEOS Grenadiers
A11: 8 | B11: ROGLIČ Primož | C11: Red Bull - BORA - hansgrohe | D11: =VLOOKUP(B11,'point distribution'!$A$1:$Z$197,24,0) -> 55 | H11: Red Bull - BORA - hansgrohe
A12: 9 | B12: MILAN Jonathan | C12: Lidl - Trek | D12: =VLOOKUP(B12,'point distribution'!$A$1:$Z$197,24,0) -> 236 | H12: Lidl - Trek
A13: 10 | B13: GRÉGOIRE Romain | C13: Groupama - FDJ | D13: =VLOOKUP(B13,'point distribution'!$A$1:$Z$197,24,0) -> 24 | H13: Groupama - FDJ
A14: 11 | B14: PHILIPSEN Jasper | C14: Alpecin - Deceuninck | D14: =VLOOKUP(B14,'point distribution'!$A$1:$Z$197,24,0) -> 38 | H14: Alpecin - Deceuninck
A15: 12 | B15: ALAPHILIPPE Julian | C15: Tudor Pro Cycling Team | D15: =VLOOKUP(B15,'point distribution'!$A$1:$Z$197,24,0) -> 24 | H15: Tudor Pro Cycling Team
... A26: 24 | B26: JOHANNESSEN Tobias Halland | C26: Uno-X Mobility | D26: =VLOOKUP(B26,'point distribution'!$A$1:$Z$197,24,0) -> 69 | H26: Uno-X Mobility
B28: Best Dutchie in final classifications:
B29: Yellow
B30: Green
B31: KOM
B32: White
D34: =SUM(D4:D26) -> 1740 | E34: Total
B35: Gap last placed rider:
B36: hours | C36: 4
B37: minutes | C37: 42
B38: seconds | C38: 6

Sheet Player A
B1: name: | C1: Player A
B3: Rider | C3: Team | D3: Points | G3: Reserve-rider | H3: Team
A4: 1 | B4: POGAČAR Tadej | C4: UAE Team Emirates - XRG | D4: =VLOOKUP(B4,'point distribution'!$A$1:$Z$197,24,0) -> 615 | H4: UAE Team Emirates - XRG
A5: 2 | B5: VINGEGAARD Jonas | C5: Team Visma | Lease a Bike | D5: =VLOOKUP(B5,'point distribution'!$A$1:$Z$197,24,0) -> 309 | H5: Team Visma | Lease a Bike
A6: 3 | B6: EVENEPOEL Remco | C6: Soudal Quick-Step | D6: =VLOOKUP(B6,'point distribution'!$A$1:$Z$197,24,0) -> 41 | H6: Soudal Quick-Step
A7: 4 | B7: HEALY Ben | C7: EF Education - EasyPost | D7: =VLOOKUP(B7,'point distribution'!$A$1:$Z$197,24,0) -> 99 | H7: EF Education - EasyPost
A8: 5 | B8: GIRMAY Biniam | C8: Intermarché - Wanty | D8: =VLOOKUP(B8,'point distribution'!$A$1:$Z$197,24,0) -> 49 | H8: Intermarché - Wanty
A9: 6 | B9: BUITRAGO Santiago | C9: Bahrain - Victorious | D9: =VLOOKUP(B9,'point distribution'!$A$1:$Z$197,24,0) -> 14 | H9: Bahrain - Victorious
A10: 7 | B10: RODRÍGUEZ Carlos | C10: INEOS Grenadiers | D10: =VLOOKUP(B10,'point distribution'!$A$1:$Z$197,24,0) -> 0 | H10: INEOS Grenadiers
A11: 8 | B11: ROGLIČ Primož | C11: Red Bull - BORA - hansgrohe | D11: =VLOOKUP(B11,'point distribution'!$A$1:$Z$197,24,0) -> 55 | H11: Red Bull - BORA - hansgrohe
A12: 9 | B12: MILAN Jonathan | C12: Lidl - Trek | D12: =VLOOKUP(B12,'point distribution'!$A$1:$Z$197,24,0) -> 236 | H12: Lidl - Trek
A13: 10 | B13: GRÉGOIRE Romain | C13: Groupama - FDJ | D13: =VLOOKUP(B13,'point distribution'!$A$1:$Z$197,24,0) -> 24 | H13: Groupama - FDJ
A14: 11 | B14: VAN DER POEL Mathieu | C14: Alpecin - Deceuninck | D14: =VLOOKUP(B14,'point distribution'!$A$1:$Z$197,24,0) -> 89 | H14: Alpecin - Deceuninck
A15: 12 | B15: ALAPHILIPPE Julian | C15: Tudor Pro Cycling Team | D15: =VLOOKUP(B15,'point distribution'!$A$1:$Z$197,24,0) -> 24 | H15: Tudor Pro Cycling Team
... A26: 24 | B26: WÆRENSKJOLD Søren | C26: Uno-X Mobility | D26: =VLOOKUP(B26,'point distribution'!$A$1:$Z$197,24,0) -> 24 | H26: Uno-X Mobility
B28: Best Dutchie in final classifications:
B29: Yellow
B30: Green
B31: KOM
B32: White
D34: =SUM(D4:D32) -> 1835 | E34: Total
B35: Gap last placed rider:
B36: hours | C36: 23
B37: minutes | C37: 25
B38: seconds | C38: 34
